time	Iq_measured	Iq_setpoint
0,001917	0,381030	2,430471
0,013450	1,280111	1,362700
0,026094	0,711866	0,724342
0,038497	0,498586	0,444622
0,051412	0,081714	0,266040
0,063501	0,447608	0,330147
0,075621	0,142346	0,214423
0,087719	0,451128	0,312028
0,099422	0,210937	0,194963
0,111375	0,322339	0,222586
0,123172	0,336366	0,221452
0,134923	0,225696	0,317545
0,146663	0,380563	0,264529
0,158455	0,101175	0,111661
0,170431	0,381122	0,258616
0,182169	0,401574	0,448628
0,193939	0,411350	0,272427
0,206241	0,180602	0,182399
0,218183	0,282678	0,177486
0,230175	0,136766	0,363342
0,242147	0,421205	0,306511
0,254151	0,043206	0,180982
0,265913	0,450123	0,270273
0,277573	0,243793	0,243557
0,290403	0,366437	0,278889
0,302508	-0,022298	0,189711
0,314651	0,274688	0,246071
0,326658	0,272693	0,304452
0,339306	0,599122	0,339783
0,351115	0,286904	0,253534
0,363168	0,099193	0,066563
0,375796	0,320169	0,368577
0,388040	0,333454	0,347529
0,400149	0,309319	0,318244
0,411727	0,122917	0,133427
0,423623	0,338633	0,340992
0,435673	0,215877	0,255612
0,447654	0,292500	0,135468
0,459856	-0,001731	0,250908
0,472514	0,391049	0,403795
0,484349	0,211200	0,376248
0,496562	0,189314	0,319889
0,508884	0,333044	0,194643
0,521308	0,089965	0,130783
0,533411	0,423363	0,343695
0,546125	0,198623	0,258939
0,559738	0,040663	0,104672
0,572340	0,265571	0,249737
0,584569	0,396094	0,408443
0,597330	0,235340	0,260185
0,609697	0,326123	0,167758
0,621915	0,116258	0,223305
0,633802	0,341920	0,288507
0,645867	0,144795	0,199518
0,657857	0,297952	0,223287
0,669939	0,076654	0,313919
0,681861	0,310636	0,285428
0,693865	0,186711	0,290095
0,705846	0,239306	0,107431
0,717832	0,044457	0,163829
0,729767	0,388653	0,312578
0,742059	0,288447	0,348098
0,754328	0,317508	0,229636
0,766241	0,199247	0,131427
0,778312	0,332874	0,376156
0,790687	0,365615	0,294384
0,803405	0,071819	0,295461
0,815567	0,158223	0,137700
0,828063	0,319951	0,409862
0,840573	0,248062	0,322403
0,853340	0,161232	0,136907
0,865278	0,200514	0,224346
0,877193	0,424921	0,227048
0,888961	0,118017	0,351236
0,900820	0,383666	0,232773
0,912797	0,160525	0,227313
0,924904	0,372435	0,223496
0,936888	0,206018	0,287527
0,948698	0,307015	0,231961
0,960624	0,085386	0,138306
0,972592	0,255991	0,344794
0,985907	0,643853	0,444193
0,998228	-0,003972	0,295331
1,010267	0,340150	0,172145
1,022569	0,119641	0,227616
1,034765	0,358171	0,292724
1,047301	0,228495	0,172617
1,059795	0,201490	0,287150
1,071978	0,448232	0,318268
1,084129	0,275214	0,411281
1,096240	0,483615	0,294859
1,108239	0,072950	0,170445
1,120288	0,128593	0,136455
1,132287	0,129440	0,347459
1,144404	0,530975	0,353241
1,156331	0,161233	0,172448
1,168751	0,191846	0,194383
1,181039	0,342698	0,410639
1,193352	0,225237	0,235703
1,205619	0,292441	0,145090
1,217995	-0,048422	0,167819
1,230191	0,054127	0,351030
1,242309	0,251397	0,292990
1,254919	0,053606	0,196746
1,267362	0,352084	0,285224
1,279647	0,125112	0,257489
1,291801	0,368339	0,322804
1,304491	0,178633	0,171316
1,316716	0,226569	0,166403
1,329049	0,392263	0,254353
1,341448	0,289169	0,349615
1,353821	0,368982	0,261778
1,365777	0,064772	0,103223
1,377773	0,411419	0,346592
1,389740	0,125030	0,294351
1,401668	0,354680	0,295296
1,413354	0,084899	0,169427
1,425249	0,521830	0,377124
1,436991	0,044935	0,260532
1,448727	0,330563	0,110063
1,460483	0,106104	0,256319
1,472241	0,488296	0,317950
1,483978	0,479307	0,349483
1,495867	0,369170	0,293785
1,508107	0,036864	0,108911
1,520234	0,227574	0,106134
1,531963	0,208879	0,286247
1,543765	0,403789	0,411984
1,555777	0,082887	0,231852
1,567500	0,311594	0,163382
1,579580	0,212401	0,347482
1,591631	0,421857	0,263235
1,603852	0,249364	0,295109
1,615611	0,157993	0,168125
1,627914	0,423196	0,379053
1,639893	0,402225	0,290839
1,651619	0,163738	0,107893
1,663367	0,278876	0,165235
1,675229	0,131990	0,257530
1,687001	0,526749	0,380584
1,698740	0,091393	0,262594
1,711402	0,133809	0,227659
1,723845	0,353424	0,163024
1,735642	0,277907	0,316214
1,747372	0,191880	0,291218
1,759233	0,199876	0,108403
1,771038	0,287550	0,253072
1,782745	0,410793	0,439533
1,794610	0,277762	0,202267
1,807556	0,158906	0,142526
1,819463	0,240172	0,197487
1,831265	0,227650	0,350960
1,842994	0,377365	0,352453
1,854750	0,127433	0,196996
1,866850	0,321274	0,255736
1,878951	0,208242	0,227264
1,891176	0,461083	0,322393
1,903214	0,170171	0,232856
1,915264	0,327834	0,258741
1,927237	0,004765	0,254754
1,939010	0,437593	0,318256
1,951276	0,114932	0,231459
1,963022	0,238402	0,046056
1,974748	0,184441	0,285193
1,986626	0,457892	0,413140
1,998408	0,144806	0,293562
2,010556	0,220619	0,141186
2,022645	0,038118	0,196922
2,034828	0,271391	0,291749
2,046655	0,095118	0,232329
2,058664	0,235835	0,226774
2,070549	0,139601	0,317577
2,082661	0,156100	0,349073
2,095265	0,369081	0,263088
2,107273	0,205877	0,079291
2,119072	0,186060	0,136841
2,130912	0,275422	0,315669
2,142925	0,409439	0,380871
2,155267	0,293729	0,292015
2,167016	0,275700	0,164086
2,178771	0,278007	0,317559
2,190921	0,385776	0,263807
2,202649	0,291414	0,325627
2,214394	0,164262	0,169679
2,226248	0,422949	0,318296
2,238256	0,265501	0,260935
2,250256	0,117445	0,109163
2,262021	0,183107	0,256306
2,273770	0,286750	0,317994
2,285635	0,422922	0,440368
2,297403	0,368000	0,293149
2,309693	0,324555	0,197415
2,321702	0,179903	0,134349
2,333409	0,264301	0,346411
2,345283	0,292141	0,351947
2,357035	0,270919	0,200779
2,368755	0,147351	0,193354
2,380383	0,209788	0,377264
2,392006	0,404215	0,293037
2,403631	0,042800	0,294057
2,415405	0,281906	0,166828
2,427252	0,132420	0,346393
2,439034	0,371012	0,258198
2,450762	0,102623	0,075724
2,462517	0,310562	0,193071
2,474262	0,134383	0,284970
2,486020	0,327625	0,408553
2,498295	0,256003	0,260673
2,510446	0,340209	0,226230
2,522412	0,039392	0,132178
2,534541	0,340460	0,314822
2,546437	0,102702	0,290356
2,558980	0,268670	0,167812
2,570955	0,289330	0,282628
2,582672	0,538177	0,408573
2,594410	0,200132	0,232447
2,606272	0,301036	0,173764
2,618030	-0,016560	0,167491
2,629772	0,441846	0,350494
2,641659	0,180308	0,322362
2,653563	0,330405	0,167888
2,665306	0,080323	0,225796
2,677059	0,371929	0,288051
2,688781	0,410262	0,321908
2,700727	0,391597	0,263603
2,712426	0,106490	0,258747
2,724262	0,287073	0,164034
2,736030	0,333813	0,317658
2,747934	0,294671	0,322929
2,759674	0,202027	0,140039
2,771411	0,355628	0,284991
2,783271	0,470802	0,411125
2,795122	0,320178	0,264170
2,807290	0,164749	0,113343
2,819757	0,242140	0,197778
2,831707	-0,051887	0,321494
2,844486	0,427595	0,292776
2,856436	0,198013	0,196739
2,868698	0,346644	0,346924
2,880416	0,134374	0,257596
2,892289	0,412504	0,292681
2,904042	-0,025674	0,202710
2,915795	0,328990	0,198553
2,927576	0,105745	0,285180
2,939291	0,383143	0,379592
2,951055	0,131619	0,232619
2,962920	0,191045	0,077767
2,974664	0,187042	0,286050
2,986417	0,403538	0,413827
2,998321	0,346399	0,325198
3,010640	0,268500	0,202654
3,022992	0,117723	0,227650
3,035084	0,316667	0,291775
3,046833	0,014222	0,232204
3,058607	0,208321	0,226045
3,070765	0,113054	0,346208
3,082608	0,375022	0,316942
3,094445	0,203247	0,291587
3,106535	0,226807	0,109075
3,118454	0,114470	0,196533
3,130310	0,172468	0,284351
3,142300	0,382272	0,410145
3,154298	0,358401	0,261565
3,166060	0,070014	0,104012
3,177814	0,401312	0,317018
3,189583	0,235853	0,324066
3,201305	0,583089	0,355845
3,213084	0,010398	0,170537
3,224789	0,418211	0,317642
3,236434	0,227566	0,261150
3,248306	0,277414	0,110323
3,260422	0,178176	0,256370
3,272485	0,396621	0,286959
3,284324	0,209435	0,348156
3,296085	0,377670	0,292061
3,308257	0,118933	0,197857
3,321095	0,085997	0,104353
3,333402	0,302766	0,315735
3,345351	0,347750	0,381692
3,357120	0,397255	0,200843
3,368814	0,170679	0,254180
3,380611	0,207607	0,318361
3,392310	0,381501	0,233888
3,404071	0,097522	0,295708
3,415803	0,228042	0,138079
3,427927	0,130482	0,348875
3,439599	0,385675	0,260963
3,451306	0,029246	0,077828
3,463075	0,180122	0,194835
3,474827	0,048065	0,256164
3,486613	0,484100	0,379539
3,498647	0,262361	0,292025
3,510836	0,376985	0,226917
3,522846	0,247091	0,162830
3,535518	0,285915	0,346608
3,547465	0,250599	0,291269
3,559356	0,206622	0,137929
3,571366	0,259979	0,283088
3,583080	0,485190	0,438602
3,594831	0,271976	0,231414
